{
    "poten": -234.76267547856276,
    "cell_params": [
        4.785219592894606,
        4.785219592894597,
        13.049445934018523,
        90.0,
        90.00000000000001,
        120.00000000000007
    ]
}