{
    "poten": -297.8993298111738,
    "cell_params": [
        4.701704945773644,
        4.701704945773643,
        12.9122980079972,
        90.00000000000003,
        90.00000000000003,
        120.00000000000001
    ]
}