{
    "poten": -72.9570116507886,
    "cell_params": [
        5.092833799538719,
        5.092833799538721,
        5.578933948775076,
        90.0,
        90.0,
        119.99999999999999
    ]
}