{
    "poten": -90.71153816908127,
    "cell_params": [
        5.051924313248575,
        5.0519243132485725,
        5.533378930512932,
        90.0,
        90.0,
        120.00000000000001
    ]
}