{
    "poten": -30.772896857811173,
    "cell_params": [
        3.48749770727558,
        3.48749770727558,
        3.48749770727558,
        90.0,
        90.0,
        90.0
    ]
}