{
    "poten": -44.13086975366164,
    "cell_params": [
        3.9032433939690496,
        3.9032433939690496,
        3.9032433939690487,
        90.0,
        90.0,
        90.0
    ]
}