{
    "poten": -91.07378185332625,
    "cell_params": [
        4.794702873218697,
        4.794702873218696,
        5.303651017229094,
        90.0,
        90.0,
        120.00000000000001
    ]
}