{
    "poten": -33.82976985756924,
    "cell_params": [
        3.8090912642167747,
        3.8090912642167747,
        3.8090912642167742,
        90.0,
        90.0,
        90.0
    ]
}