{
    "poten": -73.08825357954224,
    "cell_params": [
        4.872261421094096,
        4.872261421094092,
        5.3907475087124155,
        90.0,
        90.0,
        120.00000000000004
    ]
}